Force;Distance;Time
0.3;2.727541;0.9162343
0.31;2.872102;0.9342029
0.32;2.972447;0.951637
0.33;3.047889;0.949832
0.34;3.247029;0.9601094
0.35;3.464197;0.99792
